index,wallet
0,0x75F80337Fb32Cae15E3Ed6b28f50C992b8A868c5
1,0x2F4ffaA59984D1b72318019b882c181E8232E04B
2,0x671743fc9B5A9CAB29602E8C7FA7373B8f0C5881
3,0x3AB67a4494C95D0FD93e95dDa461557ACeEa2F4E
4,0x524D7a3E4530B89A769a566101A9bcFbE1216F11
5,0x07EbA73D51E759E18e63ed2AfB98619AE7F25ffc
6,0xA147A4E326a24a449c4E96Ab284Eaa5585483F29
7,0xA83fA9c834BB5ABE25F9c56EB5845b3203Df94F2
8,0xb616e1127aE0F3148eB58262b42863Aa95C03317
9,0xAEb0a7DBfFaD57430bbb92D42b5A1179605105Ac
10,0x3861dd49aa50ca22c61bc0e3bb0f3d597cc15232
11,0x8883e81E629b88B881e5f5468B7E423ffB5Ea8CF
12,0xed7498205D0a522528210f963F4bf8e5752dF98f
13,0x2BBBdD004556521A49021934C6FE8A137Ee6E078
14,0x5b26888b2fD5C617e95Df5bB7b22644Bf2Aa5930
15,0xDCE1386DBcA787210684Ddc09aEf14A9C0B5Abf7
16,0x331B655C1f4c4266c7A20a645a6c086Aef8C3A3e
17,0xb963fa652274e887E7Ab9876f436e054Dfb3C3cD
18,0x4644A9Afe25B01405B9099c32FBf123F919d4838
19,0x864D89B2d2486D40B702Ea7e8Bf15E79c38E622e
20,0xD53A4188E0BDa47F655C2aA45b509CF587F39E60
21,0x5437D62De6BBDCa393eDd4796d3941712C513bA8
22,0x1e927Ca8376d51C163FfF2038080484Ece23212B
23,0x22e6aF349dB081866D191660E0DB4Bd0DcC593c9
24,0xB95BA8D390d8907705022c37Eb19981B7a213181
25,0x43cF525d63987D17052d9891587BCfB9592c3eE2
26,0xb4E327390bcB6d1CFD74BDCeADF47B20B937DBDd
27,0xEdcE6a7105Cb3d298e356B416CaFd5CEA4a433Ff
28,0xf7449ADbE757E4F8389dA696A2Ea430732108E81
29,0xf18AC3Fc6E3817b8fD6467f6d63A84fDD433626b
30,0xe09950b7f6dbcd80Dd5f307bed98AdAA7F619B1E
31,0xAA8ebf7Eb2F362148293beA3C1C11AeB34d8DcB3
32,0x701a87FC6FFbB697CaAC3A48A49BC1FC951D1781
33,0x91c242be080dE00884CFD8190B1481050f8D7b65
34,0x269D89631ba588a6994bF5A0DccB2A86573781fC
35,0x77975184aA902CffF2Bf6969F31E377cB9CbD3a9
36,0xa7a26CDBfcBC1ffC4e29De98F026F7f003bc3A1F
37,0x0cF2c48372B483606F906E72dc0E210636e30c72
38,0x0161d1Cc10116bb2a073A0c293d5E4F1a97A00b6
39,0x2839CE5aD374f990a12F2aAba620e0d0c5BC1e0E
40,0x2eF2284A784C1fA06f95919Fab978E87Da18BC66
41,0xCa9703EAE293f7F4324a0B62b1dF54896AAb3724
42,0x2c538Df2338342037339965C4A97f07A95e4cf38
43,0x1eb5F6D2388B2DEE3505334E4aeb96728A757b2B
44,0xE0E8F806F9317644b7c8D64Fcc4764Bf71558BCF
45,0xA6adEdD1aDc8237aC8c5d3009cC5D4B90Fc0a8CF
46,0x288D2565d8E4a093D1Aa74ccc40646939C495CC3
47,0x10bDe3a421eced23F49Fb8323b7A27B54Db2C9eD
48,0xa82a74b8f5877734D78345C5867E9578FbFAC639
49,0xb6aa2932e1AA279f5DA11c4450683bAd037F2486
50,0x0d21e320e93B88D79bb6b07945fd8960Eb988e16
51,0xa255DEc447675e9734dE1A655489d8b894B8A793
52,0x124AEfa2Fa991c62c3A137369fA8cd076dE27B80
53,0x00bD256B2730FE6E9D523209919B83b806290A3A
54,0x2D196BCD05EDB909868A22461517EAFA271e668C
55,0xe50AfeE4482e3805C65265748BD99293203f2728
56,0x188664a3FD1eaF75B0e87Ee558fbada4aa92C372
57,0x9E7F94118Cf3abe549915aEadca0449CE585e45b
58,0xA11Cd9E04DC406D6B9Ad0c14440AFA5BB43d2136
59,0x99B3DCFe5B8F9930F49aB00d7B2557832Db5c65b
60,0xDd49E0f8E8a3CBd003Bb9A84d9554938B2Bd9A3c
61,0x0c3BAb9Fa59E41dA6725E94C2D774258FD392fa9
62,0x75720F62a923942adAA36037B57E3a3d38Ccb7FB
63,0xE519E23fbF1a88bf9387FeDD662778b0b348e56A
64,0x02E9B64CCcA5C7324403CC0E4D3319361D3B965E
65,0xc9DC117cAc30314fB58F7BC38107A2D36855F71d
66,0xC5f0d5Be256c6DDBceDcA77383c1A43eCA0a16e1
67,0x95B9512fE2dD8aB89a9efAe8aFce2A8D27Cf3382
68,0x69d62B87D953009308ad4A1f538102E27aB78Df5
69,0x987aF6aAfA9415D1684905B4654338F4bEd19AD8
70,0x6C15B41105A01119211a9a9AFB081E9d6A82b6aB
71,0x4aB419b7270809e6b260DC24069911beedf1E3Dd
72,0x74Fb3bEC1545E02Fa63Fd40561f7bC36e2c06134
73,0xE407D650Db255A3F1509e6ABb2a254F28993526c
74,0x54CBEd7426D698ba5DE35fF553BC160216A43C4a
75,0xfBf649bc04521CD7586EcE3a6BB74073399b738B
76,0xB836475e821C2695468E847D2a5B297bD8bfD2b8
77,0x4fb2d7d74200BCdbca1157fFA047E8248631D73b
78,0x66fCF2C73233ed43fd109741B57E80394B60FE45
79,0x9E7A5b836Da4d55D681Eed4495370e96295c785f
80,0x1D4C3b9F8F49D6Ac44e398F766F520a3CDB0f3D5
81,0xF5442D3F0E8401d846b35f1EA80913a9F0B8Ac95
82,0x43893D241460A6128EB8bBDBB12321fABDf01319
83,0xC4c2c9f3330C6F2495CddF3568D497C1A58C6D7A
84,0x791E7de2A858A789b4C5EF4b659cc4192c03F968
85,0xC9279c5D7fC4af3C45eef879E9619C5a39eEa307
86,0xe25aac6dDCA6b6FD804161D298c488dc864Be0ab
87,0x993e6F990C22Dda322Fd465223F90Ef74A412d64
88,0xa0Fa8F171949430BfB221f8204cf74f659A1E690
89,0x2D5d08D4359C4005Aa3326B49C96fba32dBBBC4e
90,0xb9585008e267843d8dd3be39799897239e0f6cd3
91,0x0bf5B319A6a683f1DD942edcCaC40eE51Ed0f5aa
92,0xA642f5a7dc8C01557a8F6974AFa0d9964Bf61550
93,0xD509F14123021f60df832518D08176ca4dfD0Bfa
94,0xb09b078bB272942E4398C56247aA317E6078bdbE
95,0xa671B4566810F22Cc67FF7c52E6f7C0959880Af8
96,0x3E18B56E65ccb82Ac6E81a0c18071D1dd644B65B
97,0x02a5c980029cB470Ac89Df2E2de1CF453aEE6558
98,0x24C57556a3f8Cdc2cCeD63AC531ebc9FF234FFf2
99,0x3abb39e26b8cebb1ccde5d12844e5428b930781b
100,0xAf644A33988967c4F309D23F4cBCDc47CaB1531c
101,0xdE06446E2AB1ea7FCcCA0828e5029b7920aA6bcf
102,0x54267D6706F8830E0f47aA18C3598351317aDCB5
103,0x37d1431d5d423d66ad6f369ef1bb0767e71a8400
104,0x69EC014c15baF1C96620B6BA02A391aBaBB9C96b
